﻿<CuPlayer>
      <Player_Set 
		JcScpBufferTime = "5"
 		JcScpVolume = "75"
		JcScpCode = "utf8"
 		JcScpImgDisplay = "no"
		JcScpAutoHideControl="no"
		JcScpControlHideTime="0.5"
		JcScpControlHeight="40"	
		JcScpShowList= "no"
		JcScpAutoRepeat = "no"
		JcScpAutoPlay = "no"
		JcScpsetMode = "1"
		JcScpAFrontCanClose = "yes"
		JcScpShowRightmenu = "yes"
		JcScpShareMode = "JcScpVideoPath"
		JcScpLoadbarMode = "0"
        JcScpLiveMode  = "0"
	/>
      <Logo_Set
 		JcScpLogoDisplay = "no"
 		JcScpLogoPath = "http://www.pageadmin.net/e/images/logo.jpg"
 		JcScpLogoPosition = "top-left"
		JcScpLogoWidth = "165"
 		JcScpLogoHeight = "75"
 		JcScpLogoAlpha = "1"
	/>
      <Flashvars_Set
		JcScpServer =""
		JcScpVideoPath = ""
		JcScpVideoPathHD = ""
		JcScpImg ="/e/incs/paplayer/start.jpg" 
        
		JcScpStarTime = "0" 
		JcScpEndTime = "0"
		
		ShowJcScpAFront = "no"
		JcScpCountDowns = "5"
		JcScpCountDownsPosition = "top-right"
		JcScpAFrontW = "650"
		JcScpAFrontH = "418"
		JcScpAFrontPath = "/player/images/a650x418.jpg"
		JcScpAFrontLink = "http://www.pageadmin.net"
		
		ShowJcScpAVideo= "no"
		JcScpAVideoPath= "up.flv"	
		JcScpAVideoLink= "http://www.pageadmin.net"
		
		ShowJcScpAPause = "no"
		JcScpAPausePath = "/player/images/a300x250.jpg"
		JcScpAPauseW = "300"
		JcScpAPauseH = "250"
		JcScpAPauseLink= "http://www.pageadmin.net"
		
		ShowJcScpACorner = "no"
		JcScpACornerPath= "/player/images/a370x250.jpg"
		JcScpACornerW = "80"
		JcScpACornerH = "50"
		JcScpACornerPosition = "top-right"
		JcScpACornerLink = "http://www.pageadmin.net"
 
		ShowJcScpAEnd = "no"
		JcScpAEndPath = "/player/images/a400x300.jpg"
		JcScpAEndW = "400"
		JcScpAEndH = "300"
		JcScpAEndLink= "http://www.pageadmin.net"
		
	 />

	 <SkinColor_Set
 		JcScpBackcolor = "0x000000"
        JcScpBackcolortop = "0x353535"
        JcScpLightcolor = "0xcfcfcf"
        
        JcScpFontcolor = "0xffffff"
        JcScptimebg = "0x393939"
        
        JcScpLoadbar = "0x00a0e9"
        JcScpLoaded = "0x4d4b4b"
        JcScpLoadbg = "0x000000"
        JcScpPlayBtn = "0x2d2d2d"
		
        JcScpBar = "0xffffff" 
	 />

	<thumbnail> 
		<filename></filename> 
		<title></title> 
		<url></url> 
		<target>_parent</target> 
	</thumbnail> 
</CuPlayer>

